{
  "version": 2,
  "buildCommand": "npm install",
  "builds": [
    {
      "src": "app.js",
      "use": "@vercel/node",
      "config": {
        "includeFiles": ["views/**", "public/**", "package.json", "package-lock.json"]
      }
    }
  ],
  "routes": [
    {
      "src": "/public/(.*)",
      "dest": "/public/$1",
      "headers": {
        "Cache-Control": "public, max-age=31536000, immutable"
      }
    },
    {
      "src": "/(.*)",
      "dest": "app.js"
    }
  ],
  "env": {
    "NODE_ENV": "production"
  }
}
